id	name	age	email	date	mytime
1	Austin Turner	55	vaughneric@yahoo.com	2015-11-26	11:29:48
2	Michael Calhoun	18	johnsonian@french-simmons.com	2016-03-21	09:52:30
3	Sue Taylor	6	gonzalezjenna@cobb.com	2017-02-04	03:40:54
4	Cody Jones	83	jennifervega@yahoo.com	2017-01-16	07:20:39
5	Stephanie Espinoza	8	pooleerin@mercer.com	2015-01-06	21:30:17
1	Amanda Watson	70	amanda29@gmail.com	2016-06-19	18:42:00
2	Veronica King	39	bentonbeth@yahoo.com	2016-08-24	00:27:05
3	Robert Hernandez	72	taylorbrian@hotmail.com	2017-02-15	10:47:05
4	Ian Johnson	73	brittanygreen@reed.com	2015-06-20	02:38:06
5	Matthew Hammond	60	kyle82@yahoo.com	2015-07-23	19:03:41
