id	name	email	age	date	mytime
1	Austin Turner	vaughneric@yahoo.com	55	2015-11-26	11:29:48
1	Amanda Watson	amanda29@gmail.com	70	2016-06-19	18:42:00
2	Michael Calhoun	johnsonian@french-simmons.com	18	2016-03-21	09:52:30
2	Veronica King	bentonbeth@yahoo.com	39	2016-08-24	00:27:05
3	Sue Taylor	gonzalezjenna@cobb.com	6	2017-02-04	03:40:54
3	Robert Hernandez	taylorbrian@hotmail.com	72	2017-02-15	10:47:05
4	Cody Jones	jennifervega@yahoo.com	83	2017-01-16	07:20:39
4	Ian Johnson	brittanygreen@reed.com	73	2015-06-20	02:38:06
5	Stephanie Espinoza	pooleerin@mercer.com	8	2015-01-06	21:30:17
5	Matthew Hammond	kyle82@yahoo.com	60	2015-07-23	19:03:41
